{
  "$schema": "https://json.schemastore.org/tsconfig",
  "display": "JuliaOS Base TypeScript Config",
  "compilerOptions": {
    "target": "ES2020",
    "module": "ESNext",
    "moduleResolution": "node",
    "lib": ["ESNext", "DOM"],
    "declaration": true,
    "sourceMap": true,
    "outDir": "dist",
    "rootDir": "src",
    "strict": true,
    "esModuleInterop": true,
    "skipLibCheck": true,
    "forceConsistentCasingInFileNames": true,
    "resolveJsonModule": true,
    "allowSyntheticDefaultImports": true,
    "importsNotUsedAsValues": "remove",
    "isolatedModules": true,
    "noUnusedLocals": true,
    "noUnusedParameters": true,
    "noImplicitReturns": true,
    "noFallthroughCasesInSwitch": true,
    "noImplicitAny": true,
    "noImplicitThis": true,
    "strictNullChecks": true,
    "strictFunctionTypes": true,
    "strictBindCallApply": true,
    "strictPropertyInitialization": true,
    "experimentalDecorators": true,
    "emitDecoratorMetadata": true,
    "pretty": true,
    "baseUrl": "."
  },
  "include": ["src/**/*"],
  "exclude": ["node_modules", "dist", "**/*.test.ts", "**/*.spec.ts"]
}
